rate,loss_rate,avg_latency_ms
5,0.0,24.46798324584961
10,0.0,19.442005157470703
20,0.0,17.498180866241455
50,0.0,14.448881149291992
